TDSFU Daily run: Wed Oct 22 19:36:09 UTC 2025 TDSFU
TDSFU Daily run: Thu Oct 23 04:33:44 UTC 2025 TDSFU
TDSFU Daily run: Fri Oct 24 04:33:08 UTC 2025 TDSFU
TDSFU Daily run: Sat Oct 25 04:32:27 UTC 2025 TDSFU
TDSFU Daily run: Sun Oct 26 04:32:48 UTC 2025 TDSFU
TDSFU Daily run: Mon Oct 27 04:40:58 UTC 2025 TDSFU
TDSFU Daily run: Tue Oct 28 04:34:17 UTC 2025 TDSFU
TDSFU Daily run: Wed Oct 29 04:39:25 UTC 2025 TDSFU
TDSFU Daily run: Thu Oct 30 04:34:08 UTC 2025 TDSFU
TDSFU Daily run: Fri Oct 31 04:35:53 UTC 2025 TDSFU
TDSFU Daily run: Sat Nov  1 04:32:01 UTC 2025 TDSFU
TDSFU Daily run: Sun Nov  2 04:34:35 UTC 2025 TDSFU
